jour,heure,duree,titre_fr,titre_en,salle_fr,salle_en,theme_fr,theme_en,description_fr,description_en,couleur
1,18:00,,"Bienvenue à l'APF 2026","Welcome to APF 2026",,,"Réseautage","Networking","Cocktail de bienvenue — rencontrez les participants, intervenants et partenaires et nouez des connexions précieuses dans une ambiance exclusive et conviviale.","Welcome cocktail — meet participants, speakers and partners and forge valuable connections in an exclusive, friendly atmosphere.",
2,09:00,5m,"Mot de bienvenue","Welcome Note",,,"Plénière","Plenary",,,
2,09:05,25m,"Allocution du Ministre","Minister's Address",,,"Plénière","Plenary","Hon. Joseph Bukari Nikpe, Ministre des Transports, République du Ghana.","Hon. Joseph Bukari Nikpe, Minister of Transport, Republic of Ghana.",
2,09:30,15m,"Keynote d'ouverture : les ports africains et l'évolution des chaînes d'approvisionnement mondiales","Opening Keynote: African ports and the evolving global supply chain landscape",,,"Keynote","Keynote","Comment les ports africains peuvent-ils s'adapter aux perturbations géopolitiques et aux transformations des chaînes d'approvisionnement mondiales ? Intervenant : Dominique Lafont, Lafont Africa Corporation.","How can African ports adapt to geopolitical disruptions and transformations in global supply chains? Speaker: Dominique Lafont, Lafont Africa Corporation.",
2,09:45,75m,"Panel 1 — Réinventer la compétitivité portuaire en Afrique : gouvernance, performance et régulation","Panel 1 — Reinventing port competitiveness in Africa: governance, performance and regulation","","","Panel","Panel","Intervenants : Mohamed Samara (MPS – Port de Tema), Bart Van Eenoo (Port Autonome de Cotonou), Col. André Ciseau (PMAESA), James Nganga (BAD), Nasser Tlassellal (TangerMed Group). Modérateur : Kwasi Amano Awuku (KPMG).","Speakers: Mohamed Samara (MPS – Port of Tema), Bart Van Eenoo (Port Autonome de Cotonou), Col. André Ciseau (PMAESA), James Nganga (AfDB), Nasser Tlassellal (TangerMed Group). Moderator: Kwasi Amano Awuku (KPMG).",
2,11:00,30m,"Pause-café","Coffee Break",,,"Pause","Break",,,
2,11:30,30m,"Keynote : les ports, catalyseurs de l'industrialisation — créer de la valeur ajoutée en Afrique","Keynote: Ports as catalysts for industrialization — driving value addition in Africa",,,"Keynote","Keynote","Intervenant : Dr. Arthur Minsat, OCDE.","Speaker: Dr. Arthur Minsat, OECD.",
2,12:00,30m,"Fireside Chat : coopération portuaire — renforcer les synergies pour la connectivité et la croissance régionales","Fireside Chat: Port cooperation — strengthening synergies for regional connectivity and growth",,,"Discussion","Fireside Chat","Intervenant : Col. André Ciseau, PMAESA.","Speaker: Col. André Ciseau, PMAESA.",
2,12:30,30m,"Innovation Talks (Meridian Port Services) : des investissements audacieux au service d'une efficacité portuaire durable","Innovation Talks (Meridian Port Services): Bold investments as an engine for sustainable port efficiency",,,"Innovation","Innovation Talks","Intervenant : Mohamed Samara, Meridian Port Services Ltd.","Speaker: Mohamed Samara, Meridian Port Services Ltd.",
2,13:00,105m,"Déjeuner & Réseautage","Lunch & Networking",,,"Pause","Break",,,
2,14:45,75m,"Panel 2 — Digitalisation portuaire : des Port Community Systems aux ports intelligents","Panel 2 — Port digitalization: from Port Community Systems to Smart Ports",,,"Panel","Panel","Intervenants : Ayoboni Akindolie (IFC), Oussama Chougrani (Iolabs), Justice Awosonviri Akodia (Ghana Ports and Harbours Authority), Adil Raissouni (Tanger Med Port Authority), Charles Osafo (MPS – Port de Tema). Modérateur : Safall Fall (Forvis Mazars).","Speakers: Ayoboni Akindolie (IFC), Oussama Chougrani (Iolabs), Justice Awosonviri Akodia (Ghana Ports and Harbours Authority), Adil Raissouni (Tanger Med Port Authority), Charles Osafo (MPS – Port of Tema). Moderator: Safall Fall (Forvis Mazars).",
2,16:00,30m,"Innovation Talks (TME) : digitalisation de la gestion de la maintenance des infrastructures portuaires","Innovation Talks (TME): Digitalization of port infrastructure maintenance management",,,"Innovation","Innovation Talks","Intervenant : Oussama Boushaba, TME.","Speaker: Oussama Boushaba, TME.",
2,16:30,15m,"Pause-café","Coffee Break",,,"Pause","Break",,,
2,16:45,75m,"Panel 3 — Logistique verte et transition énergétique : comment les ports peuvent montrer la voie vers la durabilité","Panel 3 — Green logistics and the energy transition: how ports can lead the way to sustainability",,,"Panel","Panel","Intervenants : Maria Ogbugo (Prime Meridian Docks), Amine Malti (Tanger Med Engineering), Ndeye Diop Diaw Gueye (Banque mondiale), Yankuba Askia Bio (Sierra Leone Ports and Harbours Authority), Charles Adebier (IFC). Modérateur : Bernard Owusu-Ansah (KPMG).","Speakers: Maria Ogbugo (Prime Meridian Docks), Amine Malti (Tanger Med Engineering), Ndeye Diop Diaw Gueye (World Bank), Yankuba Askia Bio (Sierra Leone Ports and Harbours Authority), Charles Adebier (IFC). Moderator: Bernard Owusu-Ansah (KPMG).",
3,09:00,30m,"Keynote introductif : favoriser les synergies entre ports, corridors de développement et industrialisation","Introductory Keynote: fostering synergies between ports, development corridors and industrialization",,,"Keynote","Keynote","Intervenant : Tidiane Boye, ONUDI.","Speaker: Tidiane Boye, UNIDO.",
3,09:30,75m,"Panel 4 — Ports et corridors multimodaux : connecter l'Afrique ou creuser les écarts d'intégration régionale ?","Panel 4 — Ports and multimodal corridors: connecting Africa or creating gaps in regional integration?",,,"Panel","Panel","Intervenants : Chawki Jaballi (ZLECAf), Tidiane Edouard Boye (ONUDI), Akua Pokuaa Timpabi (Banque mondiale), Stephen Ikua (LAPSSET), Afua Tekyi-Mills (GIPC), Musah Sibiri Hamidu (Ghana Free Zones Authority). Modérateur : Safall Fall (Forvis Mazars).","Speakers: Chawki Jaballi (AfCFTA), Tidiane Edouard Boye (UNIDO), Akua Pokuaa Timpabi (World Bank), Stephen Ikua (LAPSSET), Afua Tekyi-Mills (GIPC), Musah Sibiri Hamidu (Ghana Free Zones Authority). Moderator: Safall Fall (Forvis Mazars).",
3,10:45,15m,"Pause-café","Coffee Break",,,"Pause","Break",,,
3,11:00,30m,"Keynote : capital humain et compétences portuaires à l'ère de l'automatisation","Keynote: Human capital and port skills for the age of automation",,,"Keynote","Keynote","Intervenant : Oussama Boushaba, TME.","Speaker: Oussama Boushaba, TME.",
3,11:30,30m,"Innovation Talks (Benin Manutentions) : la RSE au cœur des opérations portuaires — enjeux, bonnes pratiques et perspectives","Innovation Talks (Benin Manutentions): CSR at the core of port operations — challenges, best practices and outlook",,,"Innovation","Innovation Talks","Intervenant : Nour-Eddine Ouakka, Benin Manutentions.","Speaker: Nour-Eddine Ouakka, Benin Manutentions.",
3,12:00,75m,"Panel 5 — Financements innovants et schémas PPP : des modèles gagnants pour les ports africains","Panel 5 — Innovative financing and PPP schemes: winning models for African ports",,,"Panel","Panel","Intervenants : Yousra Khayati (Africa 50), Charles Wilfried Abedier (IFC), Col. André Ciseau (PMAESA), Aïcha Nono (BAD), cadre dirigeant (Ghana Ports and Harbour Authority). Modérateur : Kwasi Amano Awuku (KPMG).","Speakers: Yousra Khayati (Africa 50), Charles Wilfried Abedier (IFC), Col. André Ciseau (PMAESA), Aïcha Nono (AfDB), Senior Executive (Ghana Ports and Harbour Authority). Moderator: Kwasi Amano Awuku (KPMG).",
3,13:30,,"Déjeuner de clôture","Closing Lunch",,,"Pause","Break",,,
